Year,Country,Total Sales (Million Units),Market Revenue (Million USD),Government Campaigns,Awareness Index (0-10),Most Popular Condom Type,Contraceptive Usage Rate (%),Teen Pregnancy Rate (per 1000 teens),HIV Prevention Awareness (%),Online Sales (%),Average Price per Condom (USD),Brand Dominance,Sex Education Programs (Yes/No),Male Purchases(%),Female Purchases(%)
2015,USA,378,276.3049766,No,2.93,Latex,27.1,58.37,89.17,45,1.34,Kamasutra,No,69%,39%
2015,USA,1875,3002.379846,No,9.28,Ultra-Thin,63.97,50.63,69.25,57.1,2.43,Skyn,No,50%,33%
2015,USA,2496,6564.222333,Yes,5.26,Non-Latex,56.21,42.23,56.13,59.52,2.3,Skyn,Yes,46%,54%
2015,USA,1437,4993.892125,Yes,3.63,Non-Latex,89.71,55.86,78.36,56.83,2.48,Manforce,No,49%,57%
2015,USA,1923,5355.152313,Yes,5.71,Non-Latex,86.96,7.82,37.61,47.99,0.34,Trojan,Yes,40%,29%
2015,India,1273,4200.754788,No,9.48,Non-Latex,69.16,56.18,60.86,5.07,1.52,Kamasutra,No,73%,48%
2015,India,1580,4856.165906,No,9.31,Ultra-Thin,40.95,34.12,90.31,23.89,2.31,Skyn,Yes,42%,44%
2015,India,116,103.4463669,No,3.15,Non-Latex,17.97,43.23,54.99,61.79,1.33,Skyn,No,58%,29%
2015,India,1774,5508.894147,Yes,9.09,Non-Latex,94.18,67.43,79.34,11.33,1.28,Trojan,Yes,72%,28%
2015,India,127,201.7168507,Yes,4.79,Non-Latex,27.39,69.19,59.64,17.67,1.15,Trojan,Yes,48%,57%
2015,UK,974,2748.92147,No,8.01,Ultra-Thin,78.41,3.18,88.03,6.93,2.28,Skyn,No,48%,31%
2015,UK,1938,6453.8682,Yes,5.59,Ultra-Thin,87.99,27.2,77.22,58.29,1.85,LifeStyles,No,72%,26%
2015,UK,389,842.0362484,Yes,5.12,Ultra-Thin,34.99,43.71,90.56,55.27,1.92,Trojan,Yes,67%,23%
2015,UK,178,143.4341527,No,7.28,Textured,64.44,11.88,78.26,15.38,1.62,LifeStyles,No,42%,21%
2015,UK,1263,2851.2735,Yes,6.56,Non-Latex,43.5,54.81,80.09,20.96,2.42,Manforce,Yes,40%,45%
2015,Brazil,1996,4704.784903,No,6.43,Latex,51.61,9.07,65.82,10.6,2.19,Durex,No,53%,43%
2015,Brazil,485,1628.540266,No,9.59,Non-Latex,58.46,58.27,56.32,50.07,1.65,Durex,No,67%,50%
2015,Brazil,1001,1921.904671,Yes,3.52,Ultra-Thin,85.06,18.38,75.78,40.74,1.35,LifeStyles,No,56%,38%
2015,Brazil,457,271.3247728,Yes,8.94,Textured,49.1,43.87,33.76,23.53,2.16,Durex,Yes,47%,33%
2015,Brazil,1398,960.0858657,Yes,4.59,Ultra-Thin,26.91,23.96,51.03,13.32,0.93,Trojan,Yes,75%,21%
2015,Germany,524,1202.070274,Yes,6.33,Non-Latex,52.95,22.36,80.38,5.42,0.4,Manforce,No,56%,47%
2015,Germany,549,1613.117988,No,7.01,Non-Latex,84.54,58.93,60.6,5.23,2.27,Trojan,No,80%,29%
2015,Germany,794,2554.674108,No,4.17,Textured,21.29,61.54,31.65,45.49,1.4,LifeStyles,No,80%,54%
2015,Germany,371,795.7579132,No,5.33,Non-Latex,64.5,15.13,63.85,46.39,0.91,Manforce,Yes,51%,59%
2015,Germany,1464,1182.13854,Yes,5.03,Latex,50.06,2.39,49.91,33.05,1.36,LifeStyles,Yes,59%,35%
2015,South Africa,825,2221.841114,Yes,6.41,Textured,60.24,6.25,38.69,43.11,2.09,Kamasutra,No,59%,25%
2015,South Africa,725,1847.877111,Yes,4.22,Non-Latex,23.93,40.82,61.54,32.71,2.31,Okamoto,No,66%,49%
2015,South Africa,1062,2706.855334,Yes,7.92,Textured,81.06,18.76,87.03,26.14,1.14,Kamasutra,No,41%,28%
2015,South Africa,605,701.580483,No,7.15,Latex,79.09,46,45.95,63.7,1.75,Manforce,Yes,69%,45%
2015,South Africa,1499,4935.798492,No,8.33,Non-Latex,29.08,66.12,92.64,29.76,0.56,Trojan,No,43%,24%
2015,China,2278,2666.228501,Yes,9.42,Ultra-Thin,85.68,67.41,40.29,66.96,0.25,Manforce,Yes,52%,54%
2015,China,1061,2592.986935,No,8.41,Ultra-Thin,75.4,63.61,81.57,15.53,1.1,Durex,Yes,49%,40%
2015,China,1839,2146.269856,No,6.88,Latex,30.36,5.33,54.01,42.53,1.48,Trojan,No,42%,47%
2015,China,1588,3125.074003,Yes,9.32,Latex,31.63,7.04,80.72,33.39,1.56,LifeStyles,No,44%,37%
2015,China,1981,3100.120447,Yes,5.93,Ultra-Thin,28.57,57.02,85.9,54.28,1.17,Okamoto,Yes,53%,43%
2015,Japan,315,677.3462936,Yes,2.22,Non-Latex,23.08,41.37,78.94,25.28,0.5,Skyn,Yes,45%,38%
2015,Japan,1315,2740.049654,Yes,3.66,Ultra-Thin,53.54,35.61,39.66,9.64,1.9,Okamoto,No,44%,55%
2015,Japan,1070,1716.775379,No,9.28,Textured,17.14,5.26,97.54,8.57,1.95,Manforce,Yes,60%,26%
2015,Japan,1344,773.4332803,No,7.46,Textured,27.54,49.66,80.67,33.19,2.4,Durex,Yes,70%,45%
2015,Japan,384,1144.013645,No,4.03,Ultra-Thin,71.4,6.16,50.3,15.63,0.69,Trojan,Yes,43%,41%
2015,France,1818,2255.018473,Yes,2.97,Non-Latex,60.76,28.5,71.84,65.25,0.78,Skyn,Yes,80%,52%
2015,France,602,603.8062734,Yes,2.27,Textured,30.7,66.94,98.84,43.58,2.03,LifeStyles,No,51%,25%
2015,France,1180,2381.432771,No,3.22,Ultra-Thin,16,66.17,70.32,55.26,1.08,Okamoto,No,59%,25%
2015,France,1229,3579.374093,Yes,2.26,Textured,66.61,33.4,60.98,60.07,1.34,LifeStyles,Yes,80%,54%
2015,France,663,925.3936969,No,5.47,Textured,78.92,67.37,42.22,13.98,1.43,Okamoto,Yes,69%,20%
2015,Australia,1088,1240.798243,Yes,7.15,Ultra-Thin,92.5,36.67,32.18,11.95,0.85,Manforce,Yes,45%,29%
2015,Australia,458,544.2786617,No,3.6,Textured,48.49,18.94,94.5,28.74,2.07,Trojan,Yes,64%,42%
2015,Australia,1984,1029.729541,Yes,9.29,Ultra-Thin,38.89,47.53,40.74,58.46,1.44,Durex,No,54%,58%
2015,Australia,585,1207.769215,No,9.53,Non-Latex,89.91,25.59,96.38,50.86,0.34,Skyn,Yes,65%,39%
2015,Australia,204,315.3272035,Yes,2.8,Textured,59.63,16.44,30.6,16.14,0.46,Manforce,No,57%,21%
2016,USA,2248,6255.599381,No,6.38,Latex,38.88,21.65,44.14,58.35,1.95,Okamoto,Yes,72%,38%
2016,USA,938,1089.89827,No,7.19,Textured,93.3,17.55,76.23,24.87,1.34,Kamasutra,No,64%,23%
2016,USA,240,494.7852014,No,9.33,Textured,59.81,44.27,41.98,35.49,0.43,Skyn,Yes,59%,54%
2016,USA,2265,1614.319895,No,2.56,Latex,28.78,65.79,70.03,26.43,1.14,LifeStyles,Yes,71%,55%
2016,USA,2060,4645.623552,Yes,3.7,Non-Latex,26.57,18.66,72.79,51.59,1.41,Kamasutra,Yes,59%,35%
2016,India,1795,1980.815243,No,7.28,Latex,89.42,21.79,38.4,14.56,2.06,Manforce,Yes,70%,33%
2016,India,1752,4440.858405,No,8.02,Ultra-Thin,62.42,43.51,70.19,45.57,0.77,Skyn,No,44%,49%
2016,India,1768,2886.378959,Yes,5.09,Ultra-Thin,64,27.77,57.31,52.94,2.21,LifeStyles,Yes,76%,34%
2016,India,858,2866.924789,No,6.86,Ultra-Thin,33.31,46.58,60.2,45.67,2,Trojan,Yes,59%,44%
2016,India,168,470.5761275,No,4.79,Ultra-Thin,71.59,9,69.99,6.12,1.92,Kamasutra,Yes,68%,56%
2016,UK,2487,1347.390369,Yes,9.41,Latex,46.34,42.53,69.3,34.39,2.39,Okamoto,No,57%,53%
2016,UK,1729,5620.972471,Yes,4.49,Ultra-Thin,28.71,43.42,35.78,39.03,0.51,Durex,Yes,46%,29%
2016,UK,533,1670.918944,Yes,3.26,Latex,40.27,69.01,37.72,17.15,0.31,Trojan,Yes,63%,51%
2016,UK,1916,3953.330122,No,6.81,Latex,25.98,54.79,79.63,23.84,1.48,Okamoto,No,79%,50%
2016,UK,2301,1754.251905,No,2.58,Ultra-Thin,40.7,16.71,52.09,27.14,2.14,Manforce,Yes,79%,48%
2016,Brazil,975,822.6558981,No,2.33,Textured,87.67,53.4,64.38,20.28,2.28,Manforce,Yes,52%,58%
2016,Brazil,296,506.2576162,Yes,5.41,Textured,15.56,13.45,57.4,17.99,1.29,Manforce,Yes,49%,56%
2016,Brazil,603,1622.077879,Yes,5.79,Latex,64.23,6.63,86.39,16.8,0.28,Manforce,No,79%,25%
2016,Brazil,1846,6287.117791,No,8.37,Textured,63.73,69.89,82.39,32.22,1.44,LifeStyles,No,80%,36%
2016,Brazil,982,3219.226446,No,6.22,Non-Latex,59.4,49.44,76.02,6.85,1.82,Durex,No,65%,28%
2016,Germany,970,488.1904033,Yes,6.35,Ultra-Thin,59.04,42.38,67.04,52.55,1.5,Okamoto,No,47%,48%
2016,Germany,1177,636.3551687,Yes,9.82,Latex,80.8,37.46,28.97,47.46,2.05,Kamasutra,Yes,45%,27%
2016,Germany,308,243.6503771,No,5.89,Ultra-Thin,80.26,65.71,83.41,24.61,0.58,Skyn,No,46%,48%
2016,Germany,353,920.6033027,No,2.41,Textured,58.51,54.43,25.27,12.42,2.38,Durex,Yes,47%,60%
2016,Germany,483,1260.797795,No,2.77,Ultra-Thin,75.63,5.2,38.41,24.95,1.77,Trojan,No,50%,59%
2016,South Africa,1276,3210.527867,Yes,9.83,Textured,46.94,56.47,97.45,65.77,0.96,Skyn,No,72%,38%
2016,South Africa,1231,2287.844781,No,2.9,Textured,67.19,17.55,96.69,25.16,1.01,Okamoto,No,71%,56%
2016,South Africa,718,1443.454116,Yes,9.92,Latex,45.83,3.43,86.67,56.6,2.49,Manforce,Yes,72%,41%
2016,South Africa,1674,3737.305907,Yes,9.81,Textured,45.04,40.09,49.13,19.3,0.47,Skyn,No,65%,32%
2016,South Africa,1534,4951.703367,Yes,5.99,Textured,76.83,46.09,64.76,31.55,0.81,Durex,Yes,45%,50%
2016,China,1064,3540.969446,No,2.94,Textured,64.42,43.21,65.76,19.11,0.55,Kamasutra,No,57%,52%
2016,China,338,1163.543645,Yes,8.35,Ultra-Thin,87.65,37.81,60.92,18.35,0.8,Okamoto,Yes,60%,37%
2016,China,2136,4213.020194,Yes,8.78,Textured,45.94,11.39,48.35,67.48,0.26,Durex,Yes,66%,32%
2016,China,1042,3447.500913,Yes,4.49,Latex,27.69,37.02,38.63,24.41,0.44,LifeStyles,No,73%,25%
2016,China,1997,1808.163891,Yes,8.23,Ultra-Thin,51.14,15.57,32.17,17.36,0.25,Kamasutra,No,73%,56%
2016,Japan,546,589.1932025,No,5,Latex,21.17,46.03,86.29,37.23,0.66,Trojan,Yes,69%,43%
2016,Japan,525,1329.203199,Yes,3.71,Non-Latex,22.33,30.68,73.21,28.78,0.94,Kamasutra,No,65%,34%
2016,Japan,2120,5642.500478,Yes,2.06,Textured,73.84,14.69,54.13,11.55,2.49,Manforce,No,47%,21%
2016,Japan,252,617.247854,Yes,2.46,Textured,48.12,47.53,66.99,52.85,1.38,LifeStyles,No,72%,25%
2016,Japan,1123,3036.343101,No,7.88,Latex,42.08,47.04,29.72,5.74,1.81,Skyn,Yes,56%,42%
2016,France,1038,1018.380789,No,4.67,Latex,73.11,28.94,91.88,11.4,0.37,Okamoto,Yes,53%,27%
2016,France,58,100.7915768,No,3.49,Textured,33.18,21.72,54.03,37.38,0.94,Kamasutra,No,74%,59%
2016,France,148,192.9322095,No,5.63,Ultra-Thin,66.48,22.28,36.7,21.45,2,Trojan,No,66%,54%
2016,France,829,2559.649762,No,6.85,Textured,46.1,66.86,64.65,63.18,2.04,Kamasutra,No,69%,36%
2016,France,1745,2872.389795,No,7.26,Textured,16.4,5.36,79.9,23.68,2.26,Manforce,No,70%,39%
2016,Australia,434,942.6939942,Yes,2.81,Latex,79.14,62.07,67.21,21.46,1.8,LifeStyles,Yes,69%,57%
2016,Australia,1322,2322.258578,No,7.97,Textured,19.74,46.95,42.66,56.4,0.49,Okamoto,Yes,56%,43%
2016,Australia,1499,2661.998634,No,4.77,Non-Latex,67.73,55.77,52.59,30.84,2.17,Kamasutra,No,67%,47%
2016,Australia,139,221.0362552,Yes,9.38,Non-Latex,44.64,44.14,65.45,29.31,0.64,Kamasutra,Yes,78%,54%
2016,Australia,588,488.5469733,No,8.44,Non-Latex,15.41,9.9,40.84,12.71,0.64,Manforce,Yes,57%,38%
2017,USA,275,333.1776519,No,8.44,Latex,44.65,28.43,87.04,34.73,2.27,Kamasutra,Yes,45%,43%
2017,USA,1556,1586.056637,Yes,4.72,Ultra-Thin,37.04,61.53,38.29,9.22,0.7,Manforce,No,48%,34%
2017,USA,636,1348.457815,Yes,8.86,Non-Latex,45.28,52.55,90.44,68.68,1.67,Durex,No,43%,58%
2017,USA,355,553.9214505,No,4.52,Non-Latex,20.3,50.31,94.76,53.68,1.47,LifeStyles,No,60%,20%
2017,USA,1694,3742.220824,No,5.16,Textured,20.32,24.8,92.9,55.63,1.27,Kamasutra,No,53%,45%
2017,India,1897,4448.562332,Yes,9.61,Non-Latex,18.47,41.79,27.03,65.44,1.97,Manforce,No,68%,54%
2017,India,539,1324.593687,Yes,7.11,Textured,21.38,38.24,72.84,47.47,0.77,Manforce,No,72%,39%
2017,India,1580,4119.737175,No,6.8,Ultra-Thin,22.06,16.78,34.9,32.08,1.63,Kamasutra,No,74%,32%
2017,India,1766,2737.866204,No,2.09,Non-Latex,94.07,61.71,35.77,63.51,0.62,Trojan,Yes,51%,32%
2017,India,2030,5073.239577,No,7.02,Ultra-Thin,15.91,25.12,57.83,37.58,0.5,Trojan,No,70%,23%
2017,UK,1198,1102.756747,Yes,9.7,Non-Latex,91.37,63.27,73.73,34.94,2.44,Trojan,No,50%,59%
2017,UK,149,115.4505069,Yes,6.75,Ultra-Thin,54.89,64.09,44.17,47.38,0.4,Manforce,No,50%,54%
2017,UK,2475,4587.938448,No,3.8,Non-Latex,70.78,63.15,95,21.74,2.23,Manforce,Yes,40%,53%
2017,UK,1761,3858.922558,No,4.38,Latex,47.33,22.31,72.39,11.15,0.31,Okamoto,Yes,76%,35%
2017,UK,2303,2676.216235,Yes,4.61,Ultra-Thin,85.74,19.54,61.4,23.1,0.27,Skyn,Yes,80%,43%
2017,Brazil,90,133.7919568,Yes,8.86,Non-Latex,55.26,54.41,43.86,7.86,2.1,LifeStyles,No,76%,59%
2017,Brazil,1929,1589.448108,Yes,9.53,Textured,70.09,25.48,81.11,65.92,1.88,Manforce,No,63%,29%
2017,Brazil,1676,5503.918982,Yes,8.08,Textured,83.59,11.37,45.08,29.28,1.15,Manforce,Yes,59%,53%
2017,Brazil,456,745.2109035,No,8.88,Ultra-Thin,51.46,53.8,71.6,60.78,1.84,Skyn,Yes,41%,56%
2017,Brazil,2231,6795.475288,Yes,8.21,Ultra-Thin,24.02,25.26,47.12,64.9,2.31,Kamasutra,Yes,54%,35%
2017,Germany,1650,5306.820598,No,9.45,Latex,26.24,6.63,54.68,18.32,0.49,Durex,No,80%,33%
2017,Germany,1671,1220.60395,No,5.03,Non-Latex,82.44,22.96,27.54,40.75,1.28,Durex,Yes,74%,30%
2017,Germany,1104,1745.572505,No,9.73,Ultra-Thin,19.28,39.14,41.13,19.17,1.06,Manforce,Yes,67%,28%
2017,Germany,110,105.759045,Yes,5.5,Non-Latex,76.27,38.39,62.04,66.79,1.33,Durex,Yes,50%,20%
2017,Germany,918,2825.304847,Yes,5.99,Latex,69.39,23.14,91.51,9.97,0.76,Okamoto,Yes,53%,33%
2017,South Africa,636,1184.9389,No,7.84,Non-Latex,66.05,22.17,70.43,50.52,2.24,Kamasutra,Yes,47%,50%
2017,South Africa,1148,998.2682938,No,5.74,Textured,72.01,52.45,68.5,23.8,1.72,LifeStyles,No,59%,41%
2017,South Africa,786,1626.690368,Yes,6.74,Latex,50.23,62.18,66.02,22.12,1.54,Trojan,Yes,70%,51%
2017,South Africa,1140,1312.795246,Yes,8.52,Latex,22.38,49.72,61.55,30.82,2.46,Manforce,Yes,63%,58%
2017,South Africa,588,1176.196416,Yes,7.09,Latex,73.41,53.67,59.15,68.77,0.78,Kamasutra,Yes,48%,46%
2017,China,2378,3598.010796,No,9.4,Non-Latex,17.76,14.91,64.49,7.61,1.03,Manforce,No,41%,35%
2017,China,393,1194.824865,Yes,7.63,Ultra-Thin,94.83,49.07,38.42,53.4,0.28,Skyn,Yes,76%,54%
2017,China,326,476.5192648,Yes,5.69,Ultra-Thin,27.29,49.18,30.06,18.21,0.69,Okamoto,Yes,62%,38%
2017,China,1866,5565.827161,No,9.23,Ultra-Thin,58.19,8.87,46.79,60.21,1.5,Durex,Yes,67%,54%
2017,China,1707,4687.7723,No,9.93,Ultra-Thin,40.58,6.41,98.35,44.7,0.63,Okamoto,No,75%,53%
2017,Japan,1626,4670.863158,Yes,9.74,Textured,82.11,56.1,44.7,41.11,2.3,Durex,No,62%,23%
2017,Japan,67,34.65620552,No,2.54,Non-Latex,74.19,29.4,29.85,52.66,1.86,Skyn,No,74%,58%
2017,Japan,1405,3647.157114,Yes,7.11,Non-Latex,32.29,19.1,65.19,29.94,2.2,Trojan,No,71%,33%
2017,Japan,1889,1123.867561,No,9.45,Non-Latex,48.09,31.01,41.69,68.96,0.49,Trojan,No,69%,50%
2017,Japan,625,800.2057434,Yes,3.83,Non-Latex,89.27,31.94,81.38,63.18,1.56,Okamoto,Yes,58%,57%
2017,France,2309,6356.745239,Yes,9.51,Ultra-Thin,90.64,63.86,64.81,6.93,0.7,Trojan,Yes,73%,35%
2017,France,1561,2693.121833,Yes,2.83,Non-Latex,88.11,59.26,62.95,31.46,1.35,Trojan,No,58%,50%
2017,France,848,2470.350069,Yes,2.54,Ultra-Thin,40.56,5.84,95.24,15.65,1.67,LifeStyles,Yes,72%,31%
2017,France,870,2917.963567,Yes,8.71,Textured,37.68,50.2,26.11,18.32,1.63,Trojan,No,43%,35%
2017,France,1760,4804.237336,No,2.13,Latex,63.81,47.31,70.93,39.48,0.26,Kamasutra,Yes,40%,47%
2017,Australia,1896,2081.281797,Yes,8.65,Non-Latex,22.85,5.38,63.44,20.11,1.63,Kamasutra,Yes,69%,31%
2017,Australia,157,499.3507031,Yes,8.77,Ultra-Thin,89.06,2.02,80.66,59.44,1.77,Okamoto,Yes,68%,47%
2017,Australia,515,1578.658875,No,7.31,Ultra-Thin,33.71,6.13,29.94,29.61,1.33,Skyn,No,46%,36%
2017,Australia,125,309.3506247,No,5.18,Textured,31.78,31.17,65.95,30.59,1.86,Kamasutra,No,55%,23%
2017,Australia,2270,2261.968304,No,8.96,Latex,37.32,23.82,44.4,38.14,1.33,Okamoto,No,80%,31%
2018,USA,1786,3659.811574,Yes,3.01,Ultra-Thin,49.5,47.6,58.59,13.01,0.33,Manforce,No,79%,55%
2018,USA,462,751.7111042,No,9.88,Textured,28.59,65.16,28.04,10.88,1.12,Trojan,Yes,48%,37%
2018,USA,1873,3065.640514,No,6.57,Textured,35.67,38.79,28.9,8.02,1.95,Durex,Yes,76%,42%
2018,USA,614,597.90399,No,9.07,Ultra-Thin,27.03,44.18,33.12,19.54,0.68,Durex,Yes,61%,54%
2018,USA,1946,981.9468369,Yes,2.94,Ultra-Thin,50.47,44.17,93.73,32.2,0.24,Durex,Yes,46%,32%
2018,India,2210,2464.444581,Yes,9.6,Textured,66.31,44.28,30.63,15.08,1.37,Kamasutra,Yes,78%,56%
2018,India,1514,4223.900533,No,7.1,Textured,26.95,22.73,63.15,27.24,2.1,Trojan,Yes,63%,55%
2018,India,290,650.7450399,No,3.07,Latex,60.34,42.14,31.96,5.61,1.95,Manforce,No,58%,59%
2018,India,122,226.8939794,Yes,6.76,Non-Latex,26.41,23.53,73.84,24.42,2.28,Okamoto,Yes,44%,60%
2018,India,687,1201.277448,No,3.55,Ultra-Thin,31.01,7.52,90.58,67.61,1.16,Manforce,Yes,68%,26%
2018,UK,1877,3640.820644,Yes,8.25,Textured,57.86,35.51,66.53,9.7,1.82,Skyn,No,76%,36%
2018,UK,484,1639.184982,No,6.53,Textured,54.36,36.59,50.2,24.05,0.87,Okamoto,Yes,59%,21%
2018,UK,2192,7238.440714,Yes,8.3,Non-Latex,78.36,5.04,88.9,25.7,1.57,Okamoto,No,65%,58%
2018,UK,2415,4191.986873,Yes,2.34,Textured,69.41,25,49.11,19.29,0.51,Trojan,No,42%,49%
2018,UK,364,1235.814313,No,6.08,Non-Latex,26.73,30.88,77.39,18.63,0.82,Kamasutra,No,54%,22%
2018,Brazil,425,290.4345299,No,4.68,Ultra-Thin,68.21,46.33,39.19,54.89,1.6,Kamasutra,Yes,70%,34%
2018,Brazil,1991,6693.09098,Yes,2.8,Latex,80.01,45.79,84.34,13.84,1.44,Okamoto,Yes,76%,28%
2018,Brazil,316,848.2761684,No,6.53,Latex,50.58,66.59,34.28,62.61,1.05,Manforce,No,68%,54%
2018,Brazil,1331,4021.214039,No,2.86,Latex,78.93,33.43,35.1,6.11,2.1,Trojan,No,44%,50%
2018,Brazil,497,975.8467294,Yes,2.57,Latex,70.4,7,84.49,60.34,1.39,Skyn,Yes,70%,42%
2018,Germany,1404,4736.769653,No,2.04,Textured,60.98,14.61,60.64,66.42,1.56,Kamasutra,Yes,58%,30%
2018,Germany,744,1669.81341,Yes,5.39,Non-Latex,45.66,68.77,33.76,43.23,1.01,Trojan,No,40%,59%
2018,Germany,1468,828.7833314,Yes,4.93,Non-Latex,91.65,67.8,98.51,42.93,1.28,Manforce,Yes,77%,52%
2018,Germany,1422,3531.870871,No,3.84,Ultra-Thin,81.51,5.59,48.83,6.61,0.89,Kamasutra,Yes,79%,33%
2018,Germany,1301,2857.66372,No,5.84,Latex,54.91,67.75,55.94,40.73,0.96,Skyn,Yes,44%,33%
2018,South Africa,148,116.6855992,No,7.65,Textured,15.44,37.68,55.08,12.64,1.39,Kamasutra,Yes,42%,49%
2018,South Africa,1119,2424.659839,No,8.1,Non-Latex,30.74,54.38,59.64,69.56,0.81,Trojan,No,73%,56%
2018,South Africa,1277,1894.929205,Yes,9.51,Ultra-Thin,88.06,14.18,46.98,43.73,1.37,Skyn,No,54%,35%
2018,South Africa,1889,6458.911374,No,9.3,Textured,61.15,60.92,57.83,15.69,0.42,Manforce,No,44%,27%
2018,South Africa,1837,2524.484912,No,2.17,Textured,77.86,46.28,57.4,33.99,1.47,Manforce,No,69%,60%
2018,China,755,2012.02482,Yes,5.79,Textured,61.25,55.44,94.98,11.91,1.56,Okamoto,Yes,71%,25%
2018,China,2015,2058.283757,Yes,5.1,Textured,29.58,63.36,81.61,44.7,1.48,Skyn,Yes,67%,56%
2018,China,316,519.4289638,No,6.44,Non-Latex,50.39,67.39,31.73,46.51,0.65,Manforce,No,61%,20%
2018,China,879,3060.187381,No,7.09,Ultra-Thin,41.23,6.19,77.91,11.68,2.38,Trojan,No,64%,52%
2018,China,1534,4130.330754,No,6.76,Textured,92.53,46.95,51.09,18.37,1.26,Skyn,No,43%,54%
2018,Japan,2167,6153.020027,Yes,8.73,Textured,62.7,48.78,71.16,69.02,0.72,Durex,No,49%,59%
2018,Japan,205,517.237759,No,3.07,Latex,24.64,18.54,85.88,50.79,0.5,Manforce,No,46%,32%
2018,Japan,1118,2565.433092,Yes,6.3,Textured,37.09,35.78,25.97,52.17,0.69,Okamoto,No,62%,52%
2018,Japan,559,666.3767794,Yes,4.73,Ultra-Thin,48.14,59.44,74.12,27.37,1.73,Trojan,No,71%,31%
2018,Japan,1803,3351.204464,No,5.59,Textured,45.37,27.94,88.75,58.88,0.42,Kamasutra,No,67%,44%
2018,France,2234,5706.8686,Yes,3.32,Textured,81.47,3.2,58.42,46.94,1.49,Skyn,Yes,71%,30%
2018,France,1153,1766.52939,Yes,8.89,Textured,73.58,31.76,60.67,52.02,2.05,Manforce,No,42%,34%
2018,France,1380,2774.121466,Yes,3.39,Latex,42.09,22.55,70.98,65.86,1.65,Skyn,Yes,49%,59%
2018,France,625,2078.993518,No,7.03,Ultra-Thin,35.38,26.71,43.92,65.03,1.66,Trojan,Yes,42%,41%
2018,France,933,2440.442013,No,3.52,Latex,92.69,54.22,71.04,17.05,0.49,Durex,No,75%,29%
2018,Australia,56,41.48146034,No,9.09,Ultra-Thin,25.38,58.86,67.47,16.61,1.61,Skyn,No,48%,44%
2018,Australia,1946,1650.143011,Yes,5.58,Non-Latex,26.28,47.66,25.56,54.13,2.3,Skyn,No,75%,44%
2018,Australia,784,508.2008432,Yes,9.42,Non-Latex,43.2,32.63,96.97,52.59,0.84,Manforce,Yes,46%,56%
2018,Australia,250,535.7629573,Yes,7.14,Non-Latex,68.59,62.19,73.87,57.01,2.44,Manforce,Yes,49%,54%
2018,Australia,990,1802.798985,Yes,3.44,Latex,72.79,31.3,50.02,19.66,1.79,Okamoto,Yes,46%,29%
2019,USA,792,1163.802577,Yes,8.51,Ultra-Thin,41.98,5.8,77.33,43.34,0.95,Manforce,No,56%,26%
2019,USA,2099,1826.52436,Yes,3.3,Ultra-Thin,35.09,16.43,77.4,10.61,1.93,LifeStyles,Yes,40%,25%
2019,USA,312,859.975761,Yes,5.63,Textured,67.36,16.24,54.99,38.05,0.3,Trojan,No,70%,55%
2019,USA,2113,4453.558694,Yes,8.05,Textured,34.42,23.77,79.06,13.87,1.63,Manforce,No,52%,22%
2019,USA,2326,1736.091369,No,3.56,Non-Latex,82.61,16.16,47.71,8.65,0.85,LifeStyles,Yes,75%,36%
2019,India,1074,2510.246561,No,2.05,Ultra-Thin,64.59,61.45,92.41,54.82,0.4,Trojan,No,78%,26%
2019,India,259,219.8723677,No,7.45,Textured,63.75,67.22,62.64,26.43,0.96,Okamoto,Yes,68%,43%
2019,India,53,71.73426106,Yes,2.36,Latex,75.65,60.91,49.08,34.83,1.9,LifeStyles,Yes,51%,33%
2019,India,58,149.7651076,No,8.5,Non-Latex,55.12,35.45,76.27,64.59,0.23,LifeStyles,Yes,68%,48%
2019,India,549,470.1044518,Yes,4.15,Latex,20.75,28.26,96.26,56.32,0.86,LifeStyles,Yes,66%,48%
2019,UK,918,2036.881214,No,7.96,Ultra-Thin,65.58,39.53,69.79,61.67,1.75,Trojan,Yes,78%,55%
2019,UK,579,1955.48191,Yes,3.24,Latex,66.22,68.48,75.6,7.13,2.07,Manforce,No,47%,50%
2019,UK,835,2608.241461,Yes,2.38,Textured,87.96,47.61,83.01,51.05,1.12,Durex,No,76%,51%
2019,UK,291,706.3618242,No,4.2,Non-Latex,55.17,6.76,52.79,32.23,1.55,Kamasutra,No,53%,40%
2019,UK,681,1170.71946,Yes,6.32,Latex,92.8,47.81,25.35,67.4,0.98,Skyn,Yes,49%,40%
2019,Brazil,1935,3397.606419,Yes,5.77,Ultra-Thin,87.95,23.94,97.36,59.56,2.26,Kamasutra,No,41%,42%
2019,Brazil,1582,5061.194451,No,6.22,Latex,32.46,10.47,38.53,31.07,1.73,Durex,No,74%,45%
2019,Brazil,2500,5044.345884,No,4.06,Textured,82.99,27.34,40.18,32.25,0.8,LifeStyles,No,63%,38%
2019,Brazil,312,191.2031072,No,6.26,Non-Latex,36.22,20.58,88.65,15.14,0.87,Manforce,Yes,78%,20%
2019,Brazil,1801,5260.537636,Yes,8.07,Ultra-Thin,86.97,61.4,96.39,52.33,0.65,LifeStyles,No,56%,58%
2019,Germany,1892,6251.059678,No,2.41,Non-Latex,64.42,6.85,61.85,24.46,1.39,Durex,No,69%,31%
2019,Germany,911,585.2298163,No,5.41,Latex,60.82,56.44,51.39,20.16,0.3,Durex,No,59%,60%
2019,Germany,2102,7160.352396,Yes,5.3,Non-Latex,84.23,7.77,42.1,21.99,0.37,Trojan,Yes,58%,32%
2019,Germany,189,479.8138195,Yes,8.09,Latex,59.51,45.1,93.23,63.3,1.42,LifeStyles,Yes,69%,54%
2019,Germany,2412,5618.809324,Yes,5.32,Textured,65.23,44.45,57.29,57.99,1.3,LifeStyles,No,69%,23%
2019,South Africa,880,732.2320371,No,8.94,Textured,25.88,23.93,91.41,50.34,0.68,LifeStyles,Yes,80%,32%
2019,South Africa,591,1182.470094,No,9.77,Non-Latex,50.49,60.12,27.06,37.73,0.7,Manforce,No,68%,56%
2019,South Africa,2119,1386.014843,Yes,8.98,Latex,42.33,43.45,26.51,12.14,1.03,Okamoto,No,49%,33%
2019,South Africa,831,2334.253825,Yes,8.82,Textured,86.55,3.07,95.43,13.16,1.75,Kamasutra,No,53%,25%
2019,South Africa,153,398.3150778,No,9.59,Ultra-Thin,63.98,29.48,98.63,30.64,0.43,Okamoto,Yes,49%,20%
2019,China,2192,3488.756349,No,2.89,Non-Latex,60.27,45.48,31.6,36.58,1.19,Skyn,Yes,74%,47%
2019,China,553,1910.210105,No,2.61,Latex,37.19,32.52,96.25,27.94,1.1,LifeStyles,No,65%,23%
2019,China,224,363.4399376,Yes,8.78,Ultra-Thin,75.94,17.66,83,49.69,0.37,Manforce,No,64%,52%
2019,China,592,1781.157347,No,6.04,Non-Latex,86.97,18.8,84.42,63.57,0.8,Durex,No,70%,29%
2019,China,1701,4188.240141,Yes,3.38,Latex,52.47,9.51,72.38,69.76,0.33,Trojan,No,49%,49%
2019,Japan,1546,1799.324728,No,5.43,Latex,51.32,8.38,30.02,52.65,1.78,Skyn,No,64%,51%
2019,Japan,1122,3463.240416,No,3.98,Latex,88.14,56.32,61.48,35,1.2,Trojan,No,78%,26%
2019,Japan,979,3176.84585,No,8.63,Textured,82.39,7.82,76.43,64.86,1.48,LifeStyles,Yes,71%,51%
2019,Japan,1818,1013.854725,No,4.37,Textured,70.39,21.6,55.57,34.67,1.76,Skyn,Yes,48%,28%
2019,Japan,907,664.337788,No,8.7,Non-Latex,34.82,20.38,74.59,68.65,0.53,Durex,No,61%,36%
2019,France,2227,7220.291708,Yes,8.68,Ultra-Thin,16.13,27.66,84.19,17.58,1.31,Manforce,No,77%,54%
2019,France,1034,1911.646714,Yes,7.7,Ultra-Thin,78.33,24.17,30.16,25.3,0.33,LifeStyles,No,46%,21%
2019,France,1265,1477.910719,Yes,3.53,Ultra-Thin,27.67,7.53,26.44,63.65,2.38,Trojan,No,77%,47%
2019,France,2244,2941.641493,No,4.24,Latex,75.94,60.54,26.71,47.85,1.85,Kamasutra,No,46%,28%
2019,France,824,412.2212015,No,3.42,Ultra-Thin,63.97,40.98,69.14,65.25,2.38,Okamoto,Yes,61%,53%
2019,Australia,2459,3691.964721,No,9.81,Ultra-Thin,19.95,42.25,26.92,24.03,1.9,Okamoto,Yes,40%,36%
2019,Australia,1160,1260.240053,Yes,9.47,Textured,59.27,31.11,78.24,32.23,1.87,Trojan,No,42%,44%
2019,Australia,2248,5178.539859,No,6.99,Ultra-Thin,45.89,18.26,52.66,54.04,1.43,Durex,Yes,66%,34%
2019,Australia,199,629.1594223,No,5.35,Latex,76.4,68.21,39.46,28.83,0.33,Okamoto,Yes,46%,41%
2019,Australia,253,743.0119958,No,8.74,Latex,63.88,43.48,96.69,34.61,0.33,Okamoto,No,52%,43%
2020,USA,1902,6216.631962,No,9.37,Ultra-Thin,30.47,22.27,54.67,66.49,1.06,Okamoto,No,44%,48%
2020,USA,1994,2226.040822,No,7.35,Textured,23.24,60.51,93.97,69.96,0.86,Kamasutra,No,58%,50%
2020,USA,1558,3720.057522,No,2.93,Non-Latex,28.26,41.58,71.46,52.67,1.04,LifeStyles,Yes,75%,33%
2020,USA,1519,2622.03306,No,2.8,Non-Latex,91.89,48.15,51.09,51.62,1.26,Manforce,No,47%,58%
2020,USA,262,898.5665124,Yes,2.79,Non-Latex,31.46,55.96,44.75,19.75,0.44,Okamoto,Yes,67%,25%
2020,India,1509,4449.058565,No,4.38,Non-Latex,28.87,3.91,73.79,63.25,0.87,Okamoto,No,80%,46%
2020,India,793,2421.998179,No,7.77,Latex,23.1,7.93,31.25,66.84,0.94,Trojan,Yes,52%,40%
2020,India,527,600.6334808,Yes,9.26,Ultra-Thin,30.58,14.51,30.75,26.6,1.44,Durex,No,50%,47%
2020,India,1436,2784.396111,Yes,2.92,Latex,70.82,37.73,69.85,30.11,0.74,Trojan,No,69%,58%
2020,India,1085,2130.451824,Yes,3.15,Textured,32.16,34.52,73.7,62.77,0.97,Skyn,Yes,66%,51%
2020,UK,847,2890.42206,No,7.02,Latex,21.44,14.42,50.86,35.34,0.29,Kamasutra,No,51%,43%
2020,UK,2466,1829.910216,No,6.19,Ultra-Thin,92.11,49.21,80.59,26.44,0.47,Manforce,Yes,76%,22%
2020,UK,1873,4245.543992,No,2.21,Textured,50.81,2.39,96.73,53.25,0.52,Trojan,No,79%,42%
2020,UK,1563,1557.181802,Yes,5.14,Latex,56.9,26.36,33.49,36.77,0.37,LifeStyles,No,74%,41%
2020,UK,2405,2199.475085,Yes,3.01,Ultra-Thin,38.63,9.22,77.34,61.71,1.13,Okamoto,Yes,58%,51%
2020,Brazil,2051,2630.423233,No,9.72,Ultra-Thin,85.37,2.33,28.86,5.31,1.49,Manforce,No,61%,26%
2020,Brazil,1349,1907.826435,No,7.35,Latex,26.42,14.16,84.86,62.94,1.05,Durex,Yes,70%,52%
2020,Brazil,74,220.6811778,Yes,4.05,Ultra-Thin,16.3,17.13,77.5,6.51,0.32,Okamoto,No,71%,20%
2020,Brazil,1846,2848.88419,No,3.66,Textured,88.75,2.63,72,12.08,0.74,Durex,Yes,44%,59%
2020,Brazil,1772,1503.609218,No,6.07,Textured,47.49,27.79,57.12,19.19,0.66,Durex,No,64%,23%
2020,Germany,765,2328.633885,No,5.89,Textured,54.2,51.5,80.02,52.47,1.09,Skyn,No,49%,29%
2020,Germany,1234,4075.9201,Yes,5.26,Ultra-Thin,81.07,9.31,26.61,25.32,1.53,Durex,No,40%,21%
2020,Germany,2108,2762.911783,No,4.89,Non-Latex,16.46,48.17,79.36,47.02,0.62,Trojan,No,45%,46%
2020,Germany,1698,4877.158498,No,9.38,Textured,79.42,28.82,68.27,54.16,0.39,Kamasutra,Yes,46%,27%
2020,Germany,1160,1994.449549,Yes,9.08,Textured,30.11,34.94,53.15,11.2,1.02,Okamoto,Yes,64%,42%
2020,South Africa,706,736.5198207,No,5.59,Non-Latex,77.73,36.83,86.18,20.2,1.5,Durex,No,71%,60%
2020,South Africa,1914,4939.070919,Yes,7.29,Latex,48.41,60.93,31.78,18.77,0.78,Skyn,No,53%,58%
2020,South Africa,68,216.2455466,No,8.77,Ultra-Thin,47.63,59.86,53.62,35.25,0.23,Manforce,No,57%,40%
2020,South Africa,1875,5332.951728,No,6.89,Latex,75.84,38.96,75.19,52.73,1.86,Kamasutra,No,52%,50%
2020,South Africa,2310,6209.218907,No,8.73,Non-Latex,32.62,15.9,83.97,38.9,2.01,Kamasutra,Yes,64%,45%
2020,China,2073,4660.266003,Yes,5.42,Latex,70.1,2.31,26.63,8.47,1.05,Kamasutra,No,73%,57%
2020,China,2149,4428.20836,Yes,2.16,Ultra-Thin,39.24,5.34,67.98,60.98,1.5,Okamoto,No,55%,51%
2020,China,982,1049.127495,Yes,3.17,Ultra-Thin,71.02,10.23,82.91,8.51,2.04,Trojan,Yes,63%,23%
2020,China,2473,2036.798726,Yes,2.02,Textured,86.49,27.33,75.1,58.46,1.03,Skyn,No,47%,40%
2020,China,1195,3702.524775,No,8.74,Latex,51.51,9.25,59.52,67.19,1.6,Trojan,No,63%,24%
2020,Japan,575,1067.940171,Yes,7.99,Ultra-Thin,59.79,63.48,56.34,26.99,1.92,Kamasutra,Yes,47%,36%
2020,Japan,74,236.0321309,No,8.48,Latex,23.45,35.45,46.91,17.57,2.24,Trojan,Yes,65%,52%
2020,Japan,1072,1967.056213,No,6.67,Non-Latex,71.04,5.55,26.72,39.26,0.62,Skyn,No,47%,34%
2020,Japan,119,198.3567461,Yes,8.31,Non-Latex,68.31,19.87,51.88,60.52,1.97,Manforce,No,63%,33%
2020,Japan,1935,4656.377176,No,5.8,Textured,31.25,22.69,75.52,17.18,0.99,LifeStyles,Yes,49%,20%
2020,France,662,1838.501234,Yes,9.65,Textured,37.84,27.33,65.07,52.39,1.17,LifeStyles,No,47%,54%
2020,France,388,1322.825526,Yes,8.92,Textured,85.06,55,92.46,48.81,1.51,Kamasutra,Yes,46%,58%
2020,France,475,513.8824193,No,3.69,Latex,56.87,56.14,52.89,34.57,2.07,Manforce,No,76%,51%
2020,France,1115,3547.876356,No,3.61,Latex,43.64,8.94,95.39,26.17,2.16,Kamasutra,Yes,69%,58%
2020,France,70,242.6321621,No,6.83,Latex,68.97,16.42,86.24,40.17,0.42,Durex,No,67%,45%
2020,Australia,1125,1915.334229,No,6.88,Latex,93.83,20.92,82.96,28.22,2.13,Kamasutra,Yes,73%,22%
2020,Australia,1465,3215.16543,Yes,7.32,Textured,81.24,22.38,84.51,14.98,2.36,Okamoto,No,75%,52%
2020,Australia,998,1724.376797,Yes,8.94,Ultra-Thin,50.86,55.93,86.5,66.72,2.48,Manforce,No,71%,22%
2020,Australia,133,168.4535425,No,9.45,Non-Latex,24.3,14.38,34.17,44.32,1.89,Durex,No,60%,39%
2020,Australia,751,2561.885727,Yes,5.76,Latex,39.58,36.77,59.32,60.93,1.09,Durex,Yes,76%,59%
2021,USA,1949,2565.810309,No,7.53,Non-Latex,76.41,4.07,58.86,49.29,1.74,Skyn,No,67%,41%
2021,USA,2200,3559.649174,Yes,2.08,Non-Latex,66.77,35.96,29.58,42.12,0.68,Trojan,No,58%,21%
2021,USA,368,581.9406506,Yes,6.49,Ultra-Thin,59.14,13.1,38.05,56.9,0.76,Okamoto,Yes,52%,26%
2021,USA,419,495.9931384,No,9.67,Textured,87.42,19.35,74.55,69.49,2.04,Manforce,Yes,51%,53%
2021,USA,1701,3815.415742,Yes,8.08,Non-Latex,61.52,44.21,96.09,41.37,2.05,Okamoto,Yes,76%,56%
2021,India,736,557.6292828,Yes,8.2,Textured,54.08,4.49,39.06,40.17,0.96,LifeStyles,No,80%,41%
2021,India,440,1453.631248,No,8.45,Ultra-Thin,55.92,21.8,43.9,66.26,2.34,LifeStyles,Yes,70%,22%
2021,India,418,1373.764101,No,4.46,Non-Latex,60.93,66.52,70.59,38.75,2.32,Trojan,No,52%,40%
2021,India,2057,2068.114513,Yes,5.13,Non-Latex,75.15,30.81,88.27,17.7,0.49,Manforce,No,77%,31%
2021,India,2153,1232.247586,No,5.97,Non-Latex,71.09,37.04,42.87,18.31,0.51,Manforce,Yes,63%,39%
2021,UK,1721,4234.683116,Yes,2.19,Latex,77.67,20.33,65.95,56.04,1.82,Okamoto,No,48%,25%
2021,UK,2256,6157.648126,No,4.61,Textured,47.09,32.37,42.83,27.97,1.79,Okamoto,Yes,53%,58%
2021,UK,479,272.9356784,No,6.47,Non-Latex,92.66,34.51,82.04,8.18,1.71,Kamasutra,No,46%,39%
2021,UK,802,2432.1122,No,3.47,Textured,69.66,5.06,26.87,41.79,1.85,Trojan,Yes,40%,29%
2021,UK,1500,4206.013541,No,9.36,Ultra-Thin,81.89,25.08,82.11,51.71,2.46,Okamoto,Yes,56%,55%
2021,Brazil,825,2076.661611,No,3.25,Latex,26.47,58.14,44.11,33.37,1.72,Okamoto,Yes,53%,39%
2021,Brazil,1040,653.992723,Yes,5.72,Latex,57.7,9.21,76.69,64.34,2.18,Trojan,No,56%,27%
2021,Brazil,2297,5014.701523,Yes,9.73,Textured,77.05,50.84,73.65,67.44,1.58,Durex,Yes,47%,23%
2021,Brazil,2312,7853.439272,Yes,4.55,Latex,94.55,49.37,52.19,56.65,0.95,Skyn,Yes,60%,28%
2021,Brazil,609,1587.499862,Yes,7.76,Latex,82.52,54.25,27.34,44.87,0.44,Durex,Yes,68%,29%
2021,Germany,737,473.8521492,Yes,2.28,Textured,35.34,35.12,44.79,55.84,2.05,Skyn,Yes,78%,47%
2021,Germany,563,747.2264874,No,5.1,Textured,56.77,2.96,50.42,47.39,2.46,Kamasutra,Yes,46%,37%
2021,Germany,1212,1527.227742,No,3.07,Non-Latex,69.97,7.32,75.94,33.05,1.85,Durex,Yes,73%,32%
2021,Germany,2438,8333.711835,No,9.35,Latex,87.87,29.71,91.79,52.23,2.11,LifeStyles,Yes,52%,49%
2021,Germany,2063,6161.982179,Yes,3.63,Textured,39.1,37.4,76.12,21.68,2.24,Skyn,No,79%,45%
2021,South Africa,2019,4298.779426,Yes,3.95,Ultra-Thin,47.65,7.19,58.07,7.24,2.19,Okamoto,Yes,69%,48%
2021,South Africa,1783,3577.692304,No,8.95,Latex,34.6,40.03,77.11,37.32,0.72,Okamoto,Yes,47%,55%
2021,South Africa,383,331.7951708,No,9.68,Textured,21.31,51.52,83.07,48.81,2.26,Skyn,No,42%,42%
2021,South Africa,1168,3369.987937,Yes,9.51,Textured,74.91,12.53,77.57,34.18,1.87,Okamoto,Yes,80%,34%
2021,South Africa,1898,1675.44869,Yes,8.69,Textured,42.71,69.61,78.42,8.96,1.04,Okamoto,Yes,48%,46%
2021,China,1098,2533.652616,No,4.27,Latex,30.2,63.74,28.36,13.14,1.55,LifeStyles,No,47%,60%
2021,China,719,1800.051637,No,7.22,Textured,31.15,26.37,82.96,62.62,1.15,Kamasutra,No,52%,51%
2021,China,2417,6271.333749,No,7.24,Ultra-Thin,80.52,55.27,67.27,24.02,0.24,LifeStyles,No,45%,24%
2021,China,972,1063.988859,No,2.69,Textured,53.82,44.51,78.08,8.58,1.9,Durex,No,43%,37%
2021,China,1343,4475.528442,No,8.37,Ultra-Thin,58.56,42.34,98.7,13.47,0.68,Kamasutra,No,57%,57%
2021,Japan,2151,5603.119045,No,6.1,Textured,89.83,38.51,90.79,37.34,2.16,Durex,No,62%,20%
2021,Japan,1049,2161.587434,No,9.57,Textured,40.03,28.61,85.42,55.97,1.11,LifeStyles,Yes,59%,34%
2021,Japan,1283,1319.508961,No,6.21,Ultra-Thin,41.15,68.46,82.29,15.21,1.06,Durex,No,51%,20%
2021,Japan,2379,7653.737502,Yes,5.82,Textured,82.89,15.9,66,56.94,1.35,Durex,Yes,58%,52%
2021,Japan,1285,2628.589829,No,3.16,Textured,47.86,44.16,36.02,52.35,1.54,Skyn,No,58%,60%
2021,France,51,174.5882387,No,4.31,Latex,16.21,49.93,65.94,42.02,0.23,Manforce,No,78%,58%
2021,France,646,1154.265194,Yes,2.42,Textured,81.44,56.5,63.73,37.95,0.29,Okamoto,Yes,40%,36%
2021,France,88,51.82889721,No,3.24,Textured,82.92,33.84,75.74,12.47,0.37,LifeStyles,Yes,61%,54%
2021,France,520,1308.026683,No,7.47,Non-Latex,25.11,24.63,91.65,9.14,0.27,Skyn,No,70%,46%
2021,France,1370,943.3018768,No,6.15,Non-Latex,70.54,31.2,90.22,68,0.39,Durex,Yes,73%,24%
2021,Australia,477,1525.696723,No,8.9,Latex,25.38,46.33,40.56,28.31,1.15,Skyn,Yes,44%,39%
2021,Australia,2083,3701.363082,Yes,2.52,Textured,59.13,43.59,67.58,57.23,0.79,Skyn,Yes,60%,35%
2021,Australia,1246,1177.888761,No,6.14,Latex,57.85,66.05,86.22,7.12,1.69,Kamasutra,Yes,78%,40%
2021,Australia,602,688.434502,No,9.91,Ultra-Thin,35.69,26.32,76.36,14.68,2.25,Trojan,Yes,65%,35%
2021,Australia,1116,3204.325208,No,9.37,Ultra-Thin,28.98,43.56,93.52,36.13,1.5,Trojan,No,58%,32%
2022,USA,712,2467.585962,No,2.21,Latex,48.32,67.25,26.7,24.88,1.51,Manforce,Yes,53%,54%
2022,USA,593,1846.05292,No,8.53,Textured,94.83,17.88,83.94,28.97,2.3,Kamasutra,Yes,54%,55%
2022,USA,2303,4362.635719,Yes,7.72,Textured,60.4,64.54,87.22,18.17,2.15,Okamoto,Yes,53%,28%
2022,USA,2056,2453.225809,No,3.71,Ultra-Thin,45.53,27.67,56.04,44.4,1.95,Manforce,No,41%,32%
2022,USA,2292,7013.414873,Yes,7.08,Textured,85.49,64.1,74.18,23.56,2.24,Skyn,Yes,68%,55%
2022,India,298,179.0432153,Yes,3.8,Textured,94.46,44.19,41.46,66.37,2.14,Kamasutra,Yes,80%,56%
2022,India,1503,2240.189299,Yes,7.98,Latex,39.21,58.33,55.12,47.19,2.48,LifeStyles,No,80%,39%
2022,India,1560,1377.642666,No,2.66,Textured,77.71,13.69,34.49,6.44,1.94,Kamasutra,Yes,76%,36%
2022,India,1147,2359.942367,No,7.31,Textured,52.65,39.57,34.38,20.45,0.62,Skyn,No,46%,40%
2022,India,2007,1308.946488,No,9.37,Latex,66.34,45.01,58.73,38.67,1.08,Kamasutra,Yes,70%,25%
2022,UK,2081,6930.320905,No,9.96,Textured,85.82,22.33,28.2,58.59,1.68,Kamasutra,No,67%,49%
2022,UK,1663,1096.70438,Yes,9.11,Textured,20.54,26.94,26.36,33.29,0.69,LifeStyles,Yes,52%,24%
2022,UK,695,1022.013458,Yes,6.79,Ultra-Thin,73.24,63.32,37.25,37.82,1.09,Manforce,No,46%,52%
2022,UK,113,208.4150269,Yes,9.01,Non-Latex,27.53,11.79,63.46,24.34,1.21,Skyn,Yes,74%,44%
2022,UK,2203,5857.91189,No,7.87,Non-Latex,75.78,16.9,91.43,34.16,2.36,Manforce,Yes,71%,59%
2022,Brazil,822,2437.584354,No,2.35,Ultra-Thin,80.82,25.66,97.19,12.6,0.52,Kamasutra,Yes,68%,52%
2022,Brazil,156,81.30509083,Yes,5.7,Non-Latex,88.32,5.94,40.84,51.71,2.4,Okamoto,Yes,65%,21%
2022,Brazil,2352,7061.263675,Yes,9.12,Non-Latex,59.39,51.07,93.78,60.68,1.42,Manforce,Yes,49%,42%
2022,Brazil,517,604.3644517,No,9.16,Ultra-Thin,79.28,51.29,43.6,17.5,1.39,Kamasutra,Yes,54%,52%
2022,Brazil,2354,3477.334407,Yes,9.59,Ultra-Thin,78.82,18.69,79.26,40.75,0.45,LifeStyles,No,46%,60%
2022,Germany,772,2010.298933,No,8.34,Textured,35.31,58.71,38.63,33.52,0.2,Kamasutra,Yes,51%,41%
2022,Germany,423,755.0594762,No,9.01,Ultra-Thin,39.72,46.35,45,54.89,1.87,Manforce,No,76%,45%
2022,Germany,312,171.0477215,Yes,5.05,Textured,26.72,52.72,83.32,8.19,1.88,Kamasutra,Yes,60%,38%
2022,Germany,401,580.5620646,No,2.83,Latex,65.95,42.2,51.31,44.56,1.16,Kamasutra,No,61%,27%
2022,Germany,1001,3376.114823,Yes,2.17,Ultra-Thin,18.91,31.03,59.39,43.92,1.34,Trojan,Yes,62%,22%
2022,South Africa,939,749.8021725,No,4.08,Latex,37.38,40.11,61.54,60.37,2.45,LifeStyles,Yes,57%,57%
2022,South Africa,2140,7444.15999,Yes,4.08,Ultra-Thin,38.72,38.55,80.93,25.97,1.02,Durex,Yes,68%,48%
2022,South Africa,2435,7918.81748,Yes,7.75,Textured,46.55,51.09,30.12,5.5,1.9,Skyn,Yes,55%,45%
2022,South Africa,1931,4365.333151,Yes,7.11,Textured,67.68,38.67,77.11,40.68,2.14,Skyn,No,76%,29%
2022,South Africa,1667,2649.646751,No,7.74,Textured,43.32,14.31,71.72,63.01,0.6,LifeStyles,No,79%,45%
2022,China,261,449.8902424,No,7.92,Textured,85.24,67.55,50.34,31.47,1.11,Durex,No,43%,43%
2022,China,650,1620.823372,No,8.54,Latex,61.26,38.26,49.94,15.58,1.13,LifeStyles,No,53%,28%
2022,China,1583,2103.545338,Yes,9.96,Latex,94.52,34.53,65.83,56.2,1.06,Skyn,No,46%,22%
2022,China,809,2776.992609,Yes,9.76,Non-Latex,35.67,38.01,88.83,48.65,0.27,Trojan,No,69%,49%
2022,China,2257,3764.237204,No,8.06,Non-Latex,54.01,14.58,59.73,10.96,2.38,LifeStyles,No,55%,40%
2022,Japan,2084,1461.819741,No,4.28,Non-Latex,79.06,29.33,69.79,64.49,2.29,Manforce,Yes,71%,58%
2022,Japan,843,1828.334432,Yes,2.26,Latex,86.71,17.54,28.19,15.74,1.53,Skyn,Yes,75%,28%
2022,Japan,1622,1525.336214,No,9.44,Latex,18.24,43.33,33.76,30.18,1.83,Okamoto,Yes,56%,39%
2022,Japan,1405,839.4558468,Yes,8.27,Ultra-Thin,47.31,4.47,44,13.37,1.5,LifeStyles,Yes,67%,50%
2022,Japan,141,344.9631008,Yes,6.64,Non-Latex,46.27,14.2,64.71,61.11,0.24,LifeStyles,No,47%,53%
2022,France,138,351.0926661,No,8.63,Latex,82.33,14.78,78.26,12.77,0.92,Okamoto,No,49%,32%
2022,France,1576,974.5792257,No,8.52,Ultra-Thin,44.92,30.74,65.62,66.62,0.62,Kamasutra,No,75%,53%
2022,France,447,793.0373503,Yes,8.94,Ultra-Thin,78.42,53.65,46.88,57.59,1.32,Skyn,No,77%,20%
2022,France,2050,2200.522341,Yes,5.65,Textured,82.14,46.32,95.72,50.33,1.04,Manforce,Yes,57%,51%
2022,France,1429,4632.950143,No,7.54,Latex,29.57,56.81,45.57,15.71,0.82,Okamoto,No,79%,51%
2022,Australia,2387,5732.938843,No,2.4,Ultra-Thin,61.94,46.11,73.87,16.16,2.45,Kamasutra,No,48%,49%
2022,Australia,1917,4260.695976,Yes,6.76,Latex,35.51,40.67,97.51,58.07,1.41,Manforce,No,53%,21%
2022,Australia,2224,6743.035262,Yes,9.8,Latex,41.34,7.5,97.22,13.31,0.66,Manforce,Yes,54%,29%
2022,Australia,939,1292.267448,Yes,6.9,Non-Latex,47.27,48.48,83.63,8.28,1.91,Durex,Yes,67%,51%
2022,Australia,1353,3955.184246,Yes,6.51,Non-Latex,60.32,10.18,96.13,46.93,0.68,Okamoto,No,59%,24%
2023,USA,605,686.9544977,No,6.75,Non-Latex,56.62,3.33,88.55,59.22,1.66,LifeStyles,No,71%,59%
2023,USA,1067,1777.257039,No,5.31,Ultra-Thin,66.09,55.6,71.19,10.22,2.2,LifeStyles,No,68%,47%
2023,USA,2161,6803.945729,No,5.5,Textured,90.88,47.65,59.7,52.22,1.77,Kamasutra,Yes,79%,44%
2023,USA,1243,2737.561196,No,2.01,Ultra-Thin,18.61,61.13,30.87,28.56,1.56,Manforce,Yes,59%,34%
2023,USA,844,2746.324393,Yes,3.68,Non-Latex,16.66,67.95,95.44,56.87,0.24,Durex,Yes,57%,28%
2023,India,1570,2652.947664,Yes,6.89,Ultra-Thin,32.14,6.85,59.54,57.14,0.88,Durex,No,74%,42%
2023,India,752,2095.507292,Yes,3.57,Ultra-Thin,92.19,8.23,74.33,66.74,2.38,Trojan,Yes,43%,47%
2023,India,1331,4299.655441,Yes,4.04,Textured,38.11,50.52,75.89,69.55,1.11,Durex,Yes,74%,36%
2023,India,165,302.9730109,No,6.49,Ultra-Thin,87.23,61.35,60.33,20.92,1.63,Okamoto,No,73%,42%
2023,India,745,2555.062094,No,8.08,Latex,79.35,30.13,95.86,65.9,1.14,Okamoto,Yes,60%,57%
2023,UK,2246,6857.689158,No,7.51,Ultra-Thin,78.59,11.73,25.07,5.19,2.27,Kamasutra,No,69%,39%
2023,UK,397,1232.741184,No,9.52,Non-Latex,57.97,67.54,66.22,33.09,0.96,Trojan,Yes,54%,21%
2023,UK,1313,1553.272186,Yes,5.98,Textured,51.69,16.79,31.7,23.32,1.24,Trojan,No,50%,35%
2023,UK,2169,7590.486368,Yes,3.43,Ultra-Thin,65.67,37.41,36.04,32.2,2.31,Okamoto,No,75%,31%
2023,UK,2350,4820.198959,Yes,2.9,Latex,26.77,14.99,25.63,7.5,2.34,Manforce,No,73%,20%
2023,Brazil,2325,5850.373866,Yes,2.25,Non-Latex,53.22,20.47,49.31,37.27,2.36,Kamasutra,No,80%,53%
2023,Brazil,2218,6899.72617,No,5.17,Latex,21.25,40.08,40.13,13.37,0.53,Trojan,No,58%,24%
2023,Brazil,1924,3625.554711,Yes,9.22,Latex,59.84,3.85,35.66,42.87,0.2,Trojan,Yes,72%,22%
2023,Brazil,345,286.1460787,No,8.69,Ultra-Thin,66.22,54.83,38.41,66.49,0.34,Durex,Yes,70%,23%
2023,Brazil,1125,840.4351244,No,4.76,Non-Latex,58.4,29.53,50.55,22.03,1.69,Kamasutra,No,71%,57%
2023,Germany,2434,8515.005155,Yes,5.1,Non-Latex,46.39,41.02,90.49,66.74,1.68,Kamasutra,No,43%,48%
2023,Germany,1018,3024.356402,No,5.39,Latex,31.95,39.81,68.6,66.55,2.31,Skyn,No,46%,33%
2023,Germany,756,432.9220384,No,2.72,Latex,36.04,9.78,41.55,52.71,2.46,Durex,No,78%,42%
2023,Germany,676,1154.692823,Yes,9.13,Textured,65.23,11.07,53.57,17.47,2.36,LifeStyles,No,60%,28%
2023,Germany,1423,2415.911632,Yes,6.54,Non-Latex,19.99,15.83,39.82,22.18,2.42,Durex,No,75%,32%
2023,South Africa,999,801.5892427,No,6.75,Latex,86.1,37.93,57.89,35.52,2.11,Trojan,No,43%,29%
2023,South Africa,1119,3632.916598,Yes,7.26,Ultra-Thin,33.54,54.75,74.69,6.06,2,Skyn,No,74%,26%
2023,South Africa,2006,2767.566764,No,9.9,Latex,42.18,53.27,51.45,48.73,1.05,Manforce,Yes,53%,55%
2023,South Africa,1128,1634.043475,Yes,4.92,Latex,24.24,63.22,84.51,25.08,2.19,Okamoto,Yes,71%,50%
2023,South Africa,2479,8536.163259,No,8.09,Textured,78.25,21.35,75.08,51.95,1.99,Durex,Yes,45%,51%
2023,China,913,2240.004212,Yes,2.16,Ultra-Thin,63.46,49.69,68.91,21.18,1.01,Durex,Yes,64%,31%
2023,China,1058,631.7327978,No,5.25,Non-Latex,91.45,69.71,76.34,42.06,1,Kamasutra,No,44%,59%
2023,China,1192,2255.468561,No,3.16,Ultra-Thin,77.96,15.98,83.64,32.74,1.38,Manforce,No,80%,30%
2023,China,420,438.1607745,No,9.77,Textured,63.16,50.27,55.48,46.35,2.36,Skyn,Yes,49%,30%
2023,China,72,125.3570647,No,7.52,Latex,58.91,5.79,49.08,11.27,0.47,Manforce,No,74%,43%
2023,Japan,1305,1818.736003,No,8.55,Non-Latex,82.33,60.23,82.12,41.93,1.9,Kamasutra,Yes,40%,56%
2023,Japan,1499,4347.634177,No,7.33,Ultra-Thin,42.6,11.83,51.56,17.89,2.05,Trojan,Yes,55%,33%
2023,Japan,211,231.493296,Yes,8.46,Ultra-Thin,84.63,24.93,85.64,53.13,2.28,Trojan,No,66%,39%
2023,Japan,2115,3327.598152,No,7.82,Latex,15.76,28.81,64.09,48.29,1.48,Durex,Yes,42%,36%
2023,Japan,1897,1848.575797,Yes,4.12,Ultra-Thin,15.02,30.99,90.96,23.78,1.63,Durex,No,49%,33%
2023,France,996,546.6587158,No,3.09,Non-Latex,43.78,41.84,88.31,20.91,1.95,LifeStyles,Yes,68%,51%
2023,France,1785,6190.686399,Yes,9.23,Latex,77.49,67.7,57.82,66.1,0.35,Kamasutra,No,62%,20%
2023,France,1239,2613.002196,Yes,3.24,Ultra-Thin,86.6,34.88,52.37,42.09,0.59,Kamasutra,Yes,49%,59%
2023,France,1429,3644.286398,Yes,9.45,Textured,18.65,66.49,25.4,45.32,2.44,Durex,No,61%,39%
2023,France,1746,2509.51935,Yes,9.41,Non-Latex,64.02,46.49,25.21,47.86,2.13,Skyn,No,78%,22%
2023,Australia,296,642.8126581,Yes,6.36,Non-Latex,23.26,36.32,43.16,50.11,0.64,Trojan,No,73%,45%
2023,Australia,2179,1121.481511,No,3.62,Non-Latex,80.55,9.26,37.71,22.43,2.25,LifeStyles,Yes,75%,36%
2023,Australia,669,2031.134268,Yes,8.27,Textured,36.1,55.16,87.67,67.28,0.66,Kamasutra,No,58%,33%
2023,Australia,1111,555.659218,No,8.96,Textured,31.6,69.24,26.16,47.37,1.96,Manforce,No,57%,48%
2023,Australia,1339,2728.606536,Yes,2.27,Textured,35.1,66.8,88.61,50.64,1.05,LifeStyles,Yes,64%,50%
2024,USA,1723,4703.715696,No,8.52,Non-Latex,62.4,26.61,45.57,67.39,1.76,Kamasutra,Yes,76%,34%
2024,USA,2451,7129.030946,Yes,9.15,Ultra-Thin,23.92,52.19,74.13,5.26,1.4,Trojan,Yes,68%,40%
2024,USA,1783,1692.349444,Yes,5.52,Textured,24.36,44.48,96.88,51.12,2.28,LifeStyles,No,48%,30%
2024,USA,878,2651.828011,No,9.71,Non-Latex,41.71,42.93,68.91,59.33,0.94,Trojan,Yes,59%,57%
2024,USA,118,222.0050786,No,9.2,Non-Latex,30.84,56.71,29.43,48.96,0.62,Kamasutra,No,43%,48%
2024,India,1616,2914.142006,No,6.29,Textured,47.68,39.57,88.92,27.66,1.95,Okamoto,Yes,50%,41%
2024,India,797,1071.991149,No,4.01,Non-Latex,63.4,47.47,47.01,66.15,2.27,Skyn,Yes,48%,60%
2024,India,2030,3630.609616,Yes,2.66,Latex,48.9,25.61,81.64,25.58,0.97,Kamasutra,No,79%,25%
2024,India,783,1518.535064,No,8.47,Latex,49.28,41.92,98.71,67.5,2.39,Okamoto,No,73%,42%
2024,India,1823,5918.45289,Yes,4.82,Textured,46.05,21.69,77.24,16.82,1.7,Trojan,No,70%,59%
2024,UK,1363,2350.07195,Yes,4.24,Textured,52.37,33.26,69.32,47.42,0.84,Durex,Yes,43%,36%
2024,UK,1782,4024.713196,No,5.94,Textured,33.81,13.59,49.48,22.23,0.36,Durex,No,48%,46%
2024,UK,1192,2197.962583,No,3.69,Non-Latex,28.61,46.39,48.96,46.07,2.05,Durex,Yes,44%,46%
2024,UK,313,320.9300976,No,7.12,Non-Latex,16.97,59.01,37.09,15.13,2.04,Manforce,No,47%,38%
2024,UK,1435,2184.904774,No,9.98,Non-Latex,86.8,33.74,57.12,32.25,2.14,Trojan,No,47%,20%
2024,Brazil,2259,3826.782871,No,5.64,Latex,77.79,4.72,92.83,69.39,2.4,Trojan,No,63%,54%
2024,Brazil,1114,593.2065102,No,2.22,Ultra-Thin,80.9,63.94,40.12,26.31,1.96,Kamasutra,Yes,58%,34%
2024,Brazil,517,1258.334972,No,7.65,Latex,21.55,36.8,28.57,62.4,2.12,Trojan,No,50%,38%
2024,Brazil,587,1518.341379,No,9.68,Latex,82,65.35,54.36,28.15,2.33,Manforce,Yes,70%,29%
2024,Brazil,1182,1728.561147,Yes,8.22,Non-Latex,70.07,6.95,89.18,16.39,0.26,Manforce,No,50%,35%
2024,Germany,2437,4507.687818,Yes,4.79,Non-Latex,78.55,4.03,29.95,14.39,1.53,Durex,Yes,70%,43%
2024,Germany,1673,2721.133394,Yes,4.95,Non-Latex,82.47,23.93,68.46,30,1.21,Okamoto,Yes,47%,51%
2024,Germany,1213,1597.432328,No,2.86,Non-Latex,53.17,4.32,85.4,10,2.03,Okamoto,Yes,80%,42%
2024,Germany,1568,4994.115868,No,9.83,Non-Latex,40.33,68.92,79.65,49.35,0.21,Okamoto,Yes,78%,44%
2024,Germany,2170,6243.964105,No,7.31,Ultra-Thin,19.68,31.36,56.72,43.2,0.69,LifeStyles,No,75%,42%
2024,South Africa,632,1754.963832,No,9.49,Ultra-Thin,78.45,7.12,58.85,45.35,1.41,Durex,No,53%,59%
2024,South Africa,491,1577.768458,No,3.25,Non-Latex,70.35,63.03,60.64,26.71,2.28,Manforce,Yes,72%,43%
2024,South Africa,920,1613.901777,No,7.98,Textured,61.31,67.27,82.85,42.12,1.59,Kamasutra,No,55%,29%
2024,South Africa,320,946.4500715,No,3.74,Textured,31.31,32.74,92.36,27.43,1.01,Okamoto,Yes,55%,58%
2024,South Africa,753,2157.818604,Yes,5.31,Non-Latex,24.59,63.46,42.96,52.64,2.47,Durex,No,56%,56%
2024,China,2356,7159.451688,Yes,5.89,Textured,39.8,54.43,32.55,47.45,0.76,Durex,Yes,54%,44%
2024,China,1310,2593.348228,Yes,2.35,Latex,43.19,31.7,68.32,5.01,1.78,LifeStyles,Yes,45%,30%
2024,China,1943,2548.972872,Yes,3.91,Latex,21.75,4.04,29.83,27.79,1.49,Manforce,Yes,52%,25%
2024,China,177,124.7242066,Yes,5.8,Ultra-Thin,27.28,32.92,48.82,44.03,1.71,Okamoto,No,51%,40%
2024,China,2238,4387.017017,Yes,6.37,Latex,48.31,10.8,42.39,57.52,1.4,Trojan,Yes,50%,51%
2024,Japan,1306,3999.254005,Yes,7.74,Textured,79.94,22.12,63.44,65.48,1.33,Skyn,No,54%,52%
2024,Japan,1715,3051.772181,No,5.51,Ultra-Thin,18.43,32.02,51.36,19.77,0.29,Okamoto,No,64%,42%
2024,Japan,2406,3178.836385,Yes,9.78,Ultra-Thin,20.81,10.17,86.78,5.25,1.14,Kamasutra,No,70%,30%
2024,Japan,1669,5532.249855,No,4.09,Ultra-Thin,30.66,31.22,91.23,19.68,1.96,Skyn,Yes,63%,53%
2024,Japan,599,1566.416896,Yes,8.12,Non-Latex,46.77,27.52,28.31,31.41,1.19,Trojan,No,55%,20%
2024,France,755,1297.788791,No,6.71,Latex,53.83,68.66,47.85,5.68,1.34,Skyn,Yes,79%,24%
2024,France,2246,1390.023467,No,6.28,Latex,34.76,52.76,42.5,43.34,2.17,LifeStyles,Yes,74%,21%
2024,France,195,361.4970844,Yes,5.44,Textured,68.37,2.55,27.05,49.37,2.11,Manforce,No,58%,41%
2024,France,2186,6132.09996,Yes,7.99,Textured,80.66,32.53,98.05,51.48,2.15,Durex,No,44%,40%
2024,France,1785,3937.829966,Yes,3.5,Latex,24.36,7.14,88.98,19.45,0.25,Skyn,No,79%,26%
2024,Australia,1256,3994.298607,No,3.59,Latex,73.79,9.04,40.86,43.39,0.65,Manforce,No,63%,29%
2024,Australia,2220,3299.417771,No,5.95,Latex,90.76,40.01,93.79,48.25,1.13,Okamoto,Yes,59%,30%
2024,Australia,761,1917.861105,Yes,9.64,Ultra-Thin,40.57,17.53,52.61,60.87,1.3,Kamasutra,Yes,78%,41%
2024,Australia,585,502.0205078,No,7.99,Ultra-Thin,20.05,17.33,43.86,58.79,1.85,Kamasutra,Yes,79%,36%
2024,Australia,740,2308.184112,Yes,2.38,Textured,42.2,10.38,33.07,66.11,0.91,LifeStyles,No,44%,27%
2025,USA,405,1286.619767,Yes,9.68,Textured,74.66,16.45,42.96,6.19,1.6,Trojan,Yes,56%,50%
2025,USA,1067,950.8504994,No,7.06,Latex,80.82,31.19,94.32,44.4,0.3,Skyn,No,56%,40%
2025,USA,1901,2391.573696,No,7.1,Non-Latex,54.07,47.66,81.15,68.54,1.55,Manforce,No,65%,23%
2025,USA,721,1927.728349,Yes,7.37,Ultra-Thin,48.88,3.79,34.8,68.41,1.28,Kamasutra,Yes,65%,60%
2025,USA,2336,5989.750067,No,3.44,Latex,34.31,66.79,58.56,29.98,1.59,Manforce,Yes,63%,59%
2025,India,2459,7868.422413,Yes,7.05,Latex,44.57,48.83,42.71,34.05,0.69,Durex,No,74%,53%
2025,India,942,1186.108481,No,7.61,Textured,47.07,55.58,71.2,60.59,1.47,LifeStyles,Yes,67%,51%
2025,India,452,336.6099084,No,5.81,Non-Latex,83.18,38.33,63.1,13.56,0.76,Skyn,Yes,63%,50%
2025,India,1254,2350.167784,No,3.3,Latex,27.09,10.61,80.36,25.68,0.57,Trojan,Yes,43%,32%
2025,India,544,1032.854562,Yes,2.55,Textured,49.34,3.46,37.92,17.54,1.18,Manforce,Yes,50%,25%
2025,UK,1982,2844.758564,Yes,3.26,Ultra-Thin,86.36,26.1,48.19,57.12,1.51,LifeStyles,No,46%,21%
2025,UK,1278,4287.08553,Yes,8.83,Non-Latex,94.97,41.6,77.3,67.97,0.44,Kamasutra,No,49%,55%
2025,UK,1303,939.8279611,No,4.6,Non-Latex,37.15,33.31,63.15,39.69,2.19,Manforce,Yes,48%,59%
2025,UK,512,999.260442,No,6.19,Non-Latex,43.65,30.97,64.92,51.2,0.63,Okamoto,No,56%,27%
2025,UK,51,98.28083778,Yes,7.51,Textured,70.34,9.81,44.56,7.95,0.29,Skyn,No,48%,20%
2025,Brazil,2489,4838.043659,No,5.92,Textured,89.97,58.88,54.04,51.87,0.57,Manforce,Yes,49%,22%
2025,Brazil,331,524.481814,No,5.55,Ultra-Thin,47.02,23.24,68.16,9.21,1.47,Manforce,No,74%,32%
2025,Brazil,2359,4762.154582,No,5.81,Latex,52.39,11.25,28.29,32.7,1.55,Manforce,No,74%,51%
2025,Brazil,1407,4598.863151,Yes,2.95,Ultra-Thin,46.1,2.69,66.81,66.92,1.79,Okamoto,No,76%,49%
2025,Brazil,979,1861.373885,No,5.81,Textured,54.46,47.31,76.19,37.42,1.8,Durex,No,79%,31%
2025,Germany,2452,2226.548269,Yes,9.03,Ultra-Thin,57.49,26.67,47.99,49.81,2,Okamoto,No,65%,25%
2025,Germany,1940,3054.54031,Yes,8.31,Latex,90.74,29.6,83.26,7.88,1.17,Skyn,No,57%,50%
2025,Germany,1960,1071.156078,No,2.98,Textured,31.33,46.29,26.84,37.48,0.8,Kamasutra,Yes,46%,41%
2025,Germany,1763,2814.717701,No,9.42,Textured,65.99,30.01,50.51,31.38,1.24,Durex,No,40%,60%
2025,Germany,1031,2782.17998,Yes,8.25,Textured,42.88,67.19,74.39,33.92,1.19,Durex,Yes,49%,32%
2025,South Africa,1250,3421.375577,No,6.94,Non-Latex,23.67,23.86,86.63,54.76,2.42,LifeStyles,No,45%,27%
2025,South Africa,1484,1255.673419,Yes,7.3,Ultra-Thin,30.77,69.54,66.72,52.63,0.69,Manforce,Yes,65%,46%
2025,South Africa,177,372.4090735,Yes,3.02,Textured,39.23,41.84,30.91,50.21,1.61,Manforce,No,73%,51%
2025,South Africa,1093,1347.351861,Yes,7.71,Textured,86.5,3.83,39.52,56.84,1.81,Okamoto,Yes,41%,46%
2025,South Africa,1544,1425.341981,Yes,8.54,Ultra-Thin,74.01,51.95,35.26,62.69,0.34,Skyn,Yes,52%,50%
2025,China,1097,2879.944407,Yes,6.16,Textured,83.98,5.01,54.71,19.64,1.65,Okamoto,Yes,64%,55%
2025,China,1867,3878.80594,Yes,3.84,Textured,53.13,15.92,39.01,67.57,2.02,Durex,No,68%,45%
2025,China,1076,1661.676945,No,8.58,Ultra-Thin,52.52,18.22,44.75,31.31,1.79,Okamoto,No,74%,58%
2025,China,700,416.8592842,No,3.8,Ultra-Thin,16.04,53.19,80.26,19.17,2.27,Manforce,Yes,56%,31%
2025,China,235,567.5114696,Yes,6.82,Ultra-Thin,79.07,60.56,87.3,63.29,2.43,Trojan,No,43%,45%
2025,Japan,1169,981.6551273,Yes,4.18,Ultra-Thin,80.03,31.07,74.08,36.72,1.15,Trojan,Yes,78%,56%
2025,Japan,1134,3436.495235,Yes,7.37,Ultra-Thin,24.56,14.95,53.9,42.48,1.05,Skyn,Yes,76%,57%
2025,Japan,1479,1372.771908,No,8.13,Textured,18.36,54.09,28.55,67.19,1.7,Durex,Yes,44%,24%
2025,Japan,90,78.2821798,Yes,9.04,Textured,85.33,9.1,59.83,21.93,1.3,Trojan,Yes,60%,36%
2025,Japan,1410,2618.860615,No,6.61,Latex,22.81,46.35,60.44,10.48,0.98,Skyn,Yes,57%,38%
2025,France,634,749.1251601,No,7.45,Non-Latex,33.13,29.53,34.26,21.87,1.56,LifeStyles,Yes,59%,58%
2025,France,1147,3726.422042,Yes,8.98,Latex,64.36,37.6,34.87,26.8,0.24,Durex,Yes,54%,60%
2025,France,1673,4296.873916,Yes,6.55,Textured,94.85,13.22,28.89,39.91,1.45,Manforce,Yes,71%,20%
2025,France,134,447.3633806,No,2.24,Ultra-Thin,49.88,22.31,27.14,44.82,1.29,Manforce,Yes,46%,31%
2025,France,1960,1224.70653,Yes,9.66,Non-Latex,52.07,60.25,77.69,19.53,0.45,Kamasutra,Yes,53%,42%
2025,Australia,585,876.695845,No,5.53,Textured,77.79,52.35,89.26,20.34,0.48,LifeStyles,Yes,52%,60%
2025,Australia,273,311.965966,Yes,3.43,Textured,48.71,32.15,85.71,15.77,1.96,LifeStyles,No,62%,41%
2025,Australia,994,2787.762423,Yes,5.52,Textured,57.73,63.18,33.34,18.98,1.1,Durex,Yes,45%,59%
2025,Australia,730,938.7310019,Yes,6.73,Ultra-Thin,30.33,32.88,61.39,16.43,0.87,Skyn,Yes,72%,31%
2025,Australia,1456,2914.95845,Yes,4.03,Textured,47.37,5.06,70.48,55.14,0.5,Kamasutra,No,40%,47%
